Fiyat,İlan-No,Üretim-yılı,Marka,Model,Kilometre,Yakıt-Tipi,Boya-Değişen
4.530.000 TL,26078093,2022,Audi,A6,38.000 km,Dizel,Tamamı orjinal
1.239.750 TL,26646685,2012,Audi,A6,213.000 km,Dizel,"3 değişen, 4 boyalı"
775.000 TL,26646601,2007,Audi,A6,329.000 km,Dizel,Galeriden
4.589.000 TL,26641719,2023,Audi,A6,6.001 km,Dizel,Tamamı orjinal
560.000 TL,26640108,2004,Audi,A6,310.000 km,Dizel,Galeriden
4.190.000 TL,26648147,2021,Audi,A6,28.000 km,Dizel,Galeriden
3.965.000 TL,24468361,2019,Audi,A6,85.000 km,Benzin,Tamamı orjinal
1.585.000 TL,25413715,2012,Audi,A6,202.000 km,Dizel,Belirtilmemiş
715.000 TL,25633688,2007,Audi,A6,295.000 km,Dizel,Belirtilmemiş
685.000 TL,26774841,2005,Audi,A6,340.000 km,Dizel,"1 değişen, 11 boyalı"
3.890.000 TL,26775566,2020,Audi,A6,97.000 km,Dizel,6 boyalı
975.000 TL,26773735,2011,Audi,A6,279.000 km,Dizel,Belirtilmemiş
1.950.000 TL,26433998,2012,Audi,A6,335.000 km,Dizel,Tamamı orjinal
1.699.000 TL,26634596,2015,Audi,A6,242.000 km,Dizel,Galeriden
625.000 TL,26634888,2006,Audi,A6,425.000 km,Dizel,"2 değişen, 2 boyalı"
1.319.000 TL,26632512,2012,Audi,A6,340.000 km,Dizel,Belirtilmemiş
2.175.000 TL,26633632,2015,Audi,A6,189.000 km,Dizel,Galeriden
3.850.000 TL,25595835,2019,Audi,A6,150.000 km,Dizel,Tamamı orjinal
550.000 TL,26638939,2000,Audi,A6,326.699 km,LPG & Benzin,Tamamı orjinal
4.299.750 TL,26634741,2022,Audi,A6,34.066 km,Dizel,2 boyalı
1.380.000 TL,26774758,2011,Audi,A6,135.000 km,Dizel,1 boyalı
1.890.000 TL,26744810,2016,Audi,A6,243.000 km,Dizel,"1 değişen, 5 boyalı"
600.000 TL,26591991,2004,Audi,A6,208.500 km,LPG & Benzin,1 değişen
1.525.000 TL,26605876,2013,Audi,A6,214.000 km,Dizel,Belirtilmemiş
1.299.000 TL,26781909,2012,Audi,A6,311.000 km,Dizel,Tamamı orjinal
925.000 TL,26203921,2011,Audi,A6,341.000 km,Dizel,4 boyalı
2.590.000 TL,26405797,2018,Audi,A6,156.000 km,Dizel,Galeriden
3.650.000 TL,26369209,2020,Audi,A6,145.000 km,LPG & Benzin,Galeriden
1.085.000 TL,26730760,2011,Audi,A6,187.000 km,Dizel,Belirtilmemiş
810.000 TL,26778413,2010,Audi,A6,310.000 km,Dizel,Tamamı orjinal
2.195.000 TL,26194704,2016,Audi,A6,193.000 km,Dizel,Tamamı orjinal
2.150.000 TL,26778901,2015,Audi,A6,234.000 km,Dizel,Tamamı orjinal
4.399.000 TL,26634663,2023,Audi,A6,27.605 km,Dizel,Tamamı orjinal
585.000 TL,26631578,2008,Audi,A6,347.000 km,Dizel,7 boyalı
2.249.850 TL,25355050,2016,Audi,A6,254.000 km,Dizel,Tamamı orjinal
1.958.750 TL,26768420,2015,Audi,A6,258.000 km,Dizel,Galeriden
4.750.000 TL,26768259,2022,Audi,A6,30.000 km,Dizel,Galeriden
1.377.000 TL,26768209,2011,Audi,A6,240.000 km,Dizel,Galeriden
948.500 TL,26768093,2011,Audi,A6,370.000 km,Dizel,"2 değişen, 10 boyalı"
1.575.000 TL,26767728,2016,Audi,A6,290.000 km,Dizel,Galeriden
1.825.000 TL,26767640,2015,Audi,A6,210.000 km,Dizel,Galeriden
1.420.000 TL,26766411,2012,Audi,A6,306.000 km,Dizel,Belirtilmemiş
5.500.000 TL,26766117,2024,Audi,A6,36.000 km,Dizel,Galeriden
1.400.000 TL,26762645,2010,Audi,A6,148.000 km,Dizel,1 boyalı
4.495.000 TL,25608065,2022,Audi,A6,59.500 km,Dizel,Belirtilmemiş
1.150.000 TL,26761985,2010,Audi,A6,235.000 km,Benzin,"1 değişen, 2 boyalı"
950.000 TL,24959233,2009,Audi,A6,540.000 km,Dizel,"1 değişen, 2 boyalı"
690.000 TL,26760653,2010,Audi,A6,387.000 km,Dizel,"2 değişen, 6 boyalı"
1.875.000 TL,26762596,2015,Audi,A6,175.000 km,Dizel,Galeriden
1.043.000 TL,26556354,2010,Audi,A6,146.754 km,Dizel,Tamamı orjinal
4.050.000 TL,26522673,2023,Audi,A6,73.000 km,Dizel,Galeriden
1.785.000 TL,26218932,2015,Audi,A6,275.000 km,Dizel,Galeriden
680.000 TL,26627738,2008,Audi,A6,298.000 km,Dizel,Belirtilmemiş
4.950.000 TL,26629534,2022,Audi,A6,37.458 km,Benzin,Galeriden
1.476.750 TL,26609267,2012,Audi,A6,248.000 km,Dizel,Tamamı orjinal
4.395.000 TL,26501066,2023,Audi,A6,23.000 km,Dizel,Galeriden
1.350.000 TL,26756339,2012,Audi,A6,246.000 km,Dizel,"1 değişen, 4 boyalı"
725.000 TL,26738154,2008,Audi,A6,283.000 km,Dizel,"1 değişen, 2 boyalı"
4.900.000 TL,26754844,2023,Audi,A6,17.000 km,Dizel,Galeriden
4.700.000 TL,26754138,2023,Audi,A6,14.000 km,LPG & Benzin,Galeriden
620.000 TL,26753194,2001,Audi,A6,250.000 km,LPG & Benzin,7 boyalı
505.000 TL,26752412,2004,Audi,A6,357.000 km,LPG & Benzin,1 değişen
1.550.000 TL,26552894,2014,Audi,A6,285.000 km,Dizel,3 boyalı
2.099.900 TL,26173374,2016,Audi,A6,176.000 km,Dizel,Galeriden
730.000 TL,26746166,2008,Audi,A6,312.600 km,Dizel,6 boyalı
1.230.900 TL,26610264,2012,Audi,A6,312.000 km,Dizel,Galeriden
4.100.000 TL,26614398,2021,Audi,A6,45.584 km,Dizel,Belirtilmemiş
3.850.000 TL,26618312,2021,Audi,A6,75.000 km,Dizel,Galeriden
2.190.000 TL,26616887,2017,Audi,A6,164.000 km,Dizel,Galeriden
575.000 TL,26611525,2002,Audi,A6,305.000 km,Dizel,5 boyalı
2.040.000 TL,26474355,2017,Audi,A6,250.000 km,Dizel,Evet
1.390.000 TL,23365114,2014,Audi,A6,259.000 km,Dizel,"1 değişen, 3 boyalı"
2.350.000 TL,26115924,2016,Audi,A6,138.500 km,Dizel,Belirtilmemiş
1.388.750 TL,22563247,2013,Audi,A6,185.000 km,Dizel,Belirtilmemiş
658.000 TL,26745718,2009,Audi,A6,263.000 km,Dizel,Evet
2.500.000 TL,26744032,2016,Audi,A6,156.000 km,Dizel,Belirtilmemiş
1.150.000 TL,26745052,2012,Audi,A6,327.000 km,Dizel,"1 değişen, 6 boyalı"
975.000 TL,26744838,2011,Audi,A6,297.000 km,Dizel,Tamamı orjinal
2.500.000 TL,26743414,2016,Audi,A6,181.000 km,Dizel,Tamamı orjinal
760.000 TL,26742673,2008,Audi,A6,165.000 km,Benzin,Tamamı orjinal
770.000 TL,26730299,2006,Audi,A6,318.000 km,Dizel,Belirtilmemiş
3.175.000 TL,26599082,2018,Porsche,Macan,147.000 km,Benzin,Tamamı orjinal
2.138.750 TL,26742060,2016,Audi,A6,160.000 km,Dizel,Galeriden
3.470.000 TL,26741789,2019,Audi,A6,106.000 km,Dizel,Tamamı orjinal
4.950.000 TL,26370892,2023,Audi,A6,6.001 km,Hibrit,Tamamı orjinal
2.220.000 TL,26705715,2017,Audi,A6,170.000 km,Dizel,2 boyalı
2.750.000 TL,26737637,2017,Audi,A6,52.000 km,Dizel,Belirtilmemiş
1.655.000 TL,26607542,2016,Audi,A6,266.000 km,Dizel,Galeriden
670.000 TL,26606275,2011,Audi,A6,290.000 km,Dizel,"2 değişen, 7 boyalı"
1.925.000 TL,23935132,2016,Audi,A6,189.059 km,Dizel,2 değişen
1.457.500 TL,23015475,2012,Audi,A6,286.000 km,Dizel,Takasa Uygun Değil
2.150.000 TL,26607857,2016,Audi,A6,239.000 km,Dizel,Galeriden
3.525.000 TL,26605916,2020,Audi,A6,107.000 km,Dizel,Galeriden
1.120.000 TL,26038554,2012,Audi,A6,285.000 km,Dizel,"2 değişen, 5 boyalı"
485.000 TL,26739407,2004,Audi,A6,539.000 km,Dizel,Belirtilmemiş
3.650.000 TL,26739414,2020,Audi,A6,99.000 km,Dizel,Tamamı orjinal
1.075.000 TL,26157737,2011,Audi,A6,250.000 km,Dizel,Tamamı orjinal
650.000 TL,26731552,2008,Audi,A6,347.000 km,Dizel,1 değişen
5.150.000 TL,26735617,2023,Audi,A6,15.550 km,LPG & Benzin,Galeriden
2.465.000 TL,26734981,2017,Audi,A6,95.000 km,Benzin,Galeriden
715.000 TL,26724891,2006,Audi,A6,339.000 km,Dizel,Belirtilmemiş
1.625.000 TL,26734223,2012,Audi,A6,265.000 km,Dizel,1 boyalı
659.000 TL,26734262,2007,Audi,A6,385.000 km,Dizel,Belirtilmemiş
1.700.000 TL,26722606,2014,Audi,A6,255.000 km,Dizel,Tamamı orjinal
1.880.000 TL,26732133,2015,Audi,A6,230.000 km,Dizel,Galeriden
1.825.000 TL,26425209,2015,Audi,A6,225.000 km,Dizel,Galeriden
3.300.000 TL,26231790,2020,Audi,A6,110.000 km,Dizel,Galeriden
970.000 TL,26119279,2010,Audi,A6,250.000 km,Dizel,Belirtilmemiş
2.089.000 TL,26592712,2016,Audi,A6,254.000 km,Dizel,Tamamı orjinal
2.375.000 TL,26591758,2016,Audi,A6,197.000 km,Dizel,Galeriden
715.000 TL,26590151,2008,Audi,A6,425.250 km,Dizel,Belirtilmemiş
675.000 TL,26594930,2006,Audi,A6,350.471 km,Dizel,Belirtilmemiş
1.095.000 TL,26592656,2010,Audi,A6,183.000 km,Dizel,3 boyalı
2.300.000 TL,26449433,2016,Audi,A6,175.000 km,Dizel,Tamamı orjinal
950.000 TL,26195559,2007,Audi,A6,275.000 km,Dizel,"1 değişen, 3 boyalı"
4.900.000 TL,26563964,2022,Audi,A6,36.000 km,Benzin,Galeriden
580.000 TL,26456698,2008,Audi,A6,560.000 km,Dizel,"1 değişen, 4 boyalı"
1.395.000 TL,26593071,2013,Audi,A6,191.000 km,Dizel,Belirtilmemiş
5.050.000 TL,26454969,2024,Audi,A6,6.072 km,Benzin,Belirtilmemiş
4.139.750 TL,26222832,2018,Audi,A6,136.000 km,Dizel,Tamamı orjinal
4.389.000 TL,26015703,2020,Audi,A6,118.000 km,Dizel,Belirtilmemiş
1.399.000 TL,26722271,2013,Audi,A6,269.000 km,Dizel,7 boyalı
400.000 TL,26711007,1995,Audi,A6,370.000 km,LPG & Benzin,Sahibinden
1.075.000 TL,26444225,2011,Audi,A6,197.600 km,Dizel,Belirtilmemiş
999.999 TL,26441900,2012,Audi,A6,400.000 km,Dizel,"2 değişen, 7 boyalı"
800.000 TL,26583471,2011,Audi,A6,299.000 km,Dizel,"2 değişen, 5 boyalı"
3.500.000 TL,22073057,2019,Audi,A6,82.000 km,Dizel,Tamamı orjinal
1.190.000 TL,26716016,2013,Audi,A6,360.000 km,Dizel,Tamamı orjinal
1.600.000 TL,26715451,2016,Audi,A6,383.000 km,Dizel,Galeriden
1.600.000 TL,26714770,2012,Audi,A6,207.000 km,Dizel,Belirtilmemiş
3.975.000 TL,26714130,2022,Audi,A6,60.000 km,Dizel,Galeriden
1.499.999 TL,26566460,2014,Audi,A6,280.000 km,Dizel,"1 değişen, 1 boyalı"
3.250.000 TL,26528070,2019,Audi,A6,188.000 km,LPG & Benzin,Galeriden
3.480.000 TL,26712835,2020,Audi,A6,126.000 km,LPG & Benzin,Galeriden
1.600.000 TL,26709660,2014,Audi,A6,260.000 km,Dizel,8 boyalı
2.195.000 TL,26574295,2018,Audi,A6,190.000 km,Dizel,Galeriden
2.299.000 TL,26573880,2017,Audi,A6,170.000 km,Benzin,Galeriden
751.000 TL,26569542,2008,Audi,A6,380.000 km,Dizel,Belirtilmemiş
4.750.000 TL,26710288,2021,Audi,A6,167.000 km,LPG & Benzin,Tamamı orjinal
765.000 TL,24234874,2008,Audi,A6,362.000 km,Dizel,Takasa Uygun
650.000 TL,26708269,2008,Audi,A6,385.000 km,Dizel,"3 değişen, 3 boyalı"
1.038.000 TL,26708062,2011,Audi,A6,265.000 km,Dizel,3 boyalı
5.350.000 TL,26707964,2023,Audi,A6,6.001 km,Dizel,Galeriden
2.000.000 TL,26707851,2016,Audi,A6,193.000 km,Dizel,Galeriden
2.775.750 TL,26706737,2019,Audi,A6,295.000 km,Dizel,Galeriden
1.395.000 TL,26706619,2012,Audi,A6,359.000 km,Dizel,Tamamı orjinal
2.069.900 TL,26705939,2016,Audi,A6,219.000 km,Dizel,Tamamı orjinal
1.315.000 TL,26699754,2011,Audi,A6,168.000 km,Dizel,3 boyalı
1.295.000 TL,26703616,2012,Audi,A6,310.000 km,Dizel,Tamamı orjinal
600.000 TL,26308027,2005,Audi,A6,390.000 km,Benzin,10 boyalı
795.000 TL,26565137,2011,Audi,A6,342.500 km,Dizel,8 boyalı
3.910.000 TL,26566981,2022,Audi,A6,91.000 km,Dizel,Galeriden
2.775.000 TL,26566683,2015,Audi,A6,23.000 km,Dizel,Galeriden
1.975.000 TL,26561296,2017,Audi,A6,238.000 km,Benzin,1 boyalı
559.500 TL,26492388,2006,Audi,A6,420.000 km,Dizel,"1 değişen, 2 boyalı"
795.000 TL,26701006,2007,Audi,A6,276.000 km,Benzin,Tamamı orjinal
2.180.000 TL,26696324,2017,Audi,A6,165.500 km,Dizel,Galeriden
2.738.000 TL,26695707,2019,Audi,A6,191.000 km,Benzin,Galeriden
5.250.000 TL,26693906,2024,Audi,A6,9.000 km,Dizel,Galeriden
899.000 TL,26693829,2011,Audi,A6,266.000 km,Dizel,Tamamı orjinal
1.560.000 TL,26693344,2016,Audi,A6,199.000 km,Dizel,Galeriden
1.265.000 TL,26060270,2015,Audi,A6,246.000 km,Dizel,
570.000 TL,26118822,2008,Audi,A6,333.000 km,Dizel,Evet
525.000 TL,26692085,2003,Audi,A6,368.000 km,LPG & Benzin,12 boyalı
820.000 TL,26689717,2008,Audi,A6,409.000 km,Dizel,Belirtilmemiş
3.550.000 TL,26557061,2020,Audi,A6,85.000 km,LPG & Benzin,Galeriden
4.540.000 TL,26557785,2023,Audi,A6,25.300 km,Dizel,Galeriden
4.400.000 TL,26550428,2023,Audi,A6,62.000 km,Dizel,Galeriden
1.950.000 TL,22671670,2017,Audi,A6,209.000 km,Dizel,"2 değişen, 2 boyalı"
1.370.000 TL,26685865,2012,Audi,A6,295.000 km,Dizel,Belirtilmemiş
1.425.000 TL,26678285,2014,Audi,A6,215.000 km,Dizel,9 boyalı
1.499.750 TL,26683726,2012,Audi,A6,267.000 km,Dizel,"2 değişen, 8 boyalı"
1.850.000 TL,25919222,2015,Audi,A6,187.000 km,Dizel,"2 değişen, 2 boyalı"
690.000 TL,26671591,2006,Audi,A6,327.000 km,Dizel,Belirtilmemiş
2.499.999 TL,26634001,2016,Audi,A6,152.000 km,Dizel,Galeriden
1.010.000 TL,26173017,2012,Audi,A6,343.000 km,Dizel,"1 değişen, 8 boyalı"
500.000 TL,23572950,2000,Audi,A6,432.000 km,LPG & Benzin,
800.000 TL,22800860,2010,Audi,A6,463.000 km,Dizel,Takasa Uygun Değil
2.755.000 TL,26474645,2017,Audi,A6,170.000 km,Dizel,Tamamı orjinal
990.000 TL,26677891,2012,Audi,A6,517.000 km,Dizel,"1 değişen, 8 boyalı"
3.820.000 TL,26546048,2020,Audi,A6,50.000 km,Dizel,Galeriden
830.000 TL,26409802,2010,Audi,A6,320.000 km,Dizel,Belirtilmemiş
1.250.000 TL,26542599,2012,Audi,A6,230.000 km,Dizel,Belirtilmemiş
1.448.000 TL,25652215,2012,Audi,A6,163.000 km,Dizel,"1 değişen, 3 boyalı"
3.575.000 TL,26673187,2019,Audi,A6,85.000 km,Benzin,Galeriden
3.550.000 TL,26110871,2020,Audi,A6,120.000 km,Dizel,3 boyalı
1.250.000 TL,26592350,2010,Audi,A6,230.000 km,Benzin,1 boyalı
1.815.000 TL,26225068,2015,Audi,A6,189.000 km,Dizel,Galeriden
3.900.000 TL,26215272,2021,Audi,A6,237.000 km,Dizel,Yetkili Bayiden
765.000 TL,26670304,2008,Audi,A6,358.000 km,Dizel,Tamamı orjinal
660.000 TL,25861599,2007,Audi,A6,438.000 km,Dizel,Belirtilmemiş
1.650.000 TL,26651804,2015,Audi,A6,215.000 km,Dizel,3 değişen
1.448.000 TL,25652215,2012,Audi,A6,163.000 km,Dizel,"1 değişen, 3 boyalı"
3.575.000 TL,26673187,2019,Audi,A6,85.000 km,Benzin,Galeriden
3.550.000 TL,26110871,2020,Audi,A6,120.000 km,Dizel,3 boyalı
1.250.000 TL,26592350,2010,Audi,A6,230.000 km,Benzin,1 boyalı
1.815.000 TL,26225068,2015,Audi,A6,189.000 km,Dizel,Galeriden
3.900.000 TL,26215272,2021,Audi,A6,237.000 km,Dizel,Yetkili Bayiden
765.000 TL,26670304,2008,Audi,A6,358.000 km,Dizel,Tamamı orjinal
660.000 TL,25861599,2007,Audi,A6,438.000 km,Dizel,Belirtilmemiş
1.650.000 TL,26651804,2015,Audi,A6,215.000 km,Dizel,3 değişen
3.995.000 TL,26669233,2018,Audi,A6,140.000 km,Dizel,Belirtilmemiş
3.635.000 TL,26669210,2019,Audi,A6,150.000 km,Benzin,Galeriden
2.750.000 TL,26651082,2018,Audi,A6,142.000 km,Dizel,Tamamı orjinal
2.365.000 TL,26528475,2018,Audi,A6,144.000 km,Dizel,Galeriden
874.500 TL,26172264,2011,Audi,A6,245.000 km,Dizel,"2 değişen, 2 boyalı"
1.850.000 TL,26532888,2016,Audi,A6,275.000 km,Dizel,Galeriden
600.000 TL,26532323,2008,Audi,A6,349.000 km,Dizel,Tamamı orjinal
595.000 TL,26420737,2001,Audi,A6,350.000 km,LPG & Benzin,Tamamı orjinal
3.595.000 TL,26533800,2020,Audi,A6,121.000 km,Dizel,Galeriden
5.200.000 TL,26528320,2023,Audi,A6,6.250 km,Dizel,Galeriden
1.500.000 TL,26527276,2015,Audi,A6,235.000 km,Dizel,Galeriden
729.900 TL,26277171,2007,Audi,A6,342.000 km,LPG & Benzin,"2 değişen, 1 boyalı"
1.625.000 TL,26528088,2015,Audi,A6,234.000 km,Dizel,Belirtilmemiş
537.000 TL,26397856,2000,Audi,A6,376.900 km,Dizel,12 boyalı
4.765.000 TL,26530454,2022,Audi,A6,23.025 km,Dizel,Belirtilmemiş
4.550.000 TL,25639519,2019,Audi,A6,53.882 km,Dizel,1 boyalı
550.000 TL,26663408,2005,Audi,A6,376.590 km,Dizel,Belirtilmemiş
1.320.000 TL,26646033,2013,Audi,A6,320.000 km,Dizel,Belirtilmemiş
420.000 TL,26645893,2004,Audi,A6,571.000 km,Dizel,12 boyalı
3.175.000 TL,26660254,2019,Audi,A6,145.000 km,LPG & Benzin,Galeriden
600.000 TL,26659306,2005,Audi,A6,390.000 km,LPG & Benzin,1 boyalı
3.750.000 TL,26090491,2020,Audi,A6,103.000 km,Dizel,Tamamı orjinal
2.375.000 TL,26521960,2017,Audi,A6,211.900 km,Dizel,2 boyalı
2.035.000 TL,26521497,2017,Audi,A6,219.000 km,Benzin,Galeriden
1.750.000 TL,26510263,2015,Audi,A6,187.000 km,Dizel,Galeriden
4.600.000 TL,26510165,2023,Audi,A6,13.000 km,Dizel,Galeriden
995.000 TL,25115058,2010,Audi,A6,279.000 km,Dizel,6 boyalı
460.000 TL,17606660,2002,Audi,A6,310.000 km,LPG & Benzin,Belirtilmemiş
455.000 TL,26636640,2003,Audi,A6,390.000 km,Benzin,3 boyalı
2.270.000 TL,26640777,2017,Audi,A6,250.000 km,Dizel,Tamamı orjinal
710.000 TL,26371075,2011,Audi,A6,312.000 km,Dizel,Belirtilmemiş
Fiyat,İlan No,Üretim yılı,Marka,Model,Kilometre,Yakıt Tipi,Boya - Değişen
2.095.900 TL,24885188,2017,Audi,A6,192.500 km,Benzin,Tamamı orjinal
380.000 TL,26629141,1996,Audi,A6,230.000 km,LPG & Benzin,Sahibinden
2.530.000 TL,26630304,2017,Audi,A6,125.000 km,Benzin,Belirtilmemiş
3.650.000 TL,25418788,2020,Audi,A6,105.685 km,Dizel,Galeriden
1.430.000 TL,26493150,2012,Audi,A6,103.000 km,Dizel,"2 değişen, 3 boyalı"
579.000 TL,26361167,2005,Audi,A6,357.000 km,Dizel,"3 değişen, 5 boyalı"
615.000 TL,26624063,2009,Audi,A6,427.800 km,Dizel,"1 değişen, 8 boyalı"
565.000 TL,26617556,2004,Audi,A6,196.000 km,Dizel,1 değişen
700.000 TL,26612593,2008,Audi,A6,500.000 km,Dizel,"1 değişen, 2 boyalı"
3.600.000 TL,26611933,2020,Audi,A6,105.000 km,Dizel,Tamamı orjinal
1.080.000 TL,26488547,2012,Audi,A6,470.000 km,Dizel,Tamamı orjinal
4.075.000 TL,26488905,2021,Audi,A6,67.000 km,Dizel,Galeriden
875.000 TL,26487255,2011,Audi,A6,404.000 km,Dizel,3 değişen
1.435.000 TL,26351244,2014,Audi,A6,268.000 km,Dizel,Belirtilmemiş
1.075.000 TL,24283331,1995,Opel,Vectra,295.000 km,Dizel,
695.000 TL,26347527,2007,Audi,A6,280.000 km,Dizel,Belirtilmemiş
925.000 TL,25104314,2011,Audi,A6,308.000 km,Dizel,"2 değişen, 2 boyalı"
850.000 TL,15075305,2008,Audi,A6,350.000 km,Dizel,1 boyalı
950.000 TL,26589114,2011,Audi,A6,415.000 km,Dizel,Belirtilmemiş
1.079.000 TL,22568177,2011,Audi,A6,177.000 km,Dizel,Takasa Uygun Değil

